event-id,visible,timestamp,location-long,location-lat,comments,sensor-type,individual-taxon-canonical-name,tag-local-identifier,individual-local-identifier,study-name
27192343616,true,2005-11-17 12:39:28.000,15.782,2.176,"2","argos-doppler-shift",,"#2782909047","39840","Elephant Research - Lobeke NP (Cameroon) - Collar 39840 [2005-2007]"
27192343617,true,2005-11-17 23:45:46.000,16.043,2.19,"B","argos-doppler-shift",,"#2782909047","39840","Elephant Research - Lobeke NP (Cameroon) - Collar 39840 [2005-2007]"
27192343618,true,2005-11-18 01:25:49.000,16.116,2.184,"B","argos-doppler-shift",,"#2782909047","39840","Elephant Research - Lobeke NP (Cameroon) - Collar 39840 [2005-2007]"
27192343619,true,2005-11-18 01:33:33.000,16.018,2.21,"B","argos-doppler-shift",,"#2782909047","39840","Elephant Research - Lobeke NP (Cameroon) - Collar 39840 [2005-2007]"
27192343620,true,2005-11-18 05:01:52.000,16.332,2.189,"B","argos-doppler-shift",,"#2782909047","39840","Elephant Research - Lobeke NP (Cameroon) - Collar 39840 [2005-2007]"
27192343621,true,2005-11-18 17:38:12.000,16.074,2.209,"B","argos-doppler-shift",,"#2782909047","39840","Elephant Research - Lobeke NP (Cameroon) - Collar 39840 [2005-2007]"
27192343622,true,2005-11-19 19:02:48.000,16.065,2.19,"A","argos-doppler-shift",,"#2782909047","39840","Elephant Research - Lobeke NP (Cameroon) - Collar 39840 [2005-2007]"
27192343623,true,2005-11-19 20:46:43.000,16.08,2.192,"A","argos-doppler-shift",,"#2782909047","39840","Elephant Research - Lobeke NP (Cameroon) - Collar 39840 [2005-2007]"
27192343624,true,2005-11-20 01:03:22.000,16.082,2.194,"3","argos-doppler-shift",,"#2782909047","39840","Elephant Research - Lobeke NP (Cameroon) - Collar 39840 [2005-2007]"
27192343625,true,2005-11-20 01:09:39.000,16.078,2.193,"1","argos-doppler-shift",,"#2782909047","39840","Elephant Research - Lobeke NP (Cameroon) - Collar 39840 [2005-2007]"
27192343626,true,2005-11-20 20:52:31.000,16.104,2.191,"A","argos-doppler-shift",,"#2782909047","39840","Elephant Research - Lobeke NP (Cameroon) - Collar 39840 [2005-2007]"
27192343627,true,2005-11-21 00:56:07.000,16.074,2.195,"0","argos-doppler-shift",,"#2782909047","39840","Elephant Research - Lobeke NP (Cameroon) - Collar 39840 [2005-2007]"
27192343628,true,2005-11-21 00:58:03.000,16.069,2.185,"A","argos-doppler-shift",,"#2782909047","39840","Elephant Research - Lobeke NP (Cameroon) - Collar 39840 [2005-2007]"
27192343629,true,2005-11-21 20:19:39.000,16.009,2.104,"B","argos-doppler-shift",,"#2782909047","39840","Elephant Research - Lobeke NP (Cameroon) - Collar 39840 [2005-2007]"
27192343630,true,2005-11-22 00:43:04.000,16.008,2.119,"A","argos-doppler-shift",,"#2782909047","39840","Elephant Research - Lobeke NP (Cameroon) - Collar 39840 [2005-2007]"
27192343631,true,2005-11-22 20:06:07.000,16.06,2.176,"0","argos-doppler-shift",,"#2782909047","39840","Elephant Research - Lobeke NP (Cameroon) - Collar 39840 [2005-2007]"
27192343632,true,2005-11-23 00:34:22.000,16.041,2.18,"2","argos-doppler-shift",,"#2782909047","39840","Elephant Research - Lobeke NP (Cameroon) - Collar 39840 [2005-2007]"
27192343633,true,2005-11-28 21:11:50.000,16.001,2.195,"2","argos-doppler-shift",,"#2782909047","39840","Elephant Research - Lobeke NP (Cameroon) - Collar 39840 [2005-2007]"
27192343634,true,2005-11-29 01:13:01.000,16.004,2.2,"B","argos-doppler-shift",,"#2782909047","39840","Elephant Research - Lobeke NP (Cameroon) - Collar 39840 [2005-2007]"
27192343635,true,2005-11-29 20:17:12.000,16.011,2.185,"B","argos-doppler-shift",,"#2782909047","39840","Elephant Research - Lobeke NP (Cameroon) - Collar 39840 [2005-2007]"
27192343636,true,2005-11-30 01:03:20.000,16.011,2.196,"3","argos-doppler-shift",,"#2782909047","39840","Elephant Research - Lobeke NP (Cameroon) - Collar 39840 [2005-2007]"
27192343637,true,2005-12-01 21:44:41.000,16.017,2.177,"A","argos-doppler-shift",,"#2782909047","39840","Elephant Research - Lobeke NP (Cameroon) - Collar 39840 [2005-2007]"
27192343638,true,2005-12-02 00:42:33.000,16.012,2.178,"1","argos-doppler-shift",,"#2782909047","39840","Elephant Research - Lobeke NP (Cameroon) - Collar 39840 [2005-2007]"
27192343639,true,2005-12-02 21:21:29.000,15.993,2.192,"B","argos-doppler-shift",,"#2782909047","39840","Elephant Research - Lobeke NP (Cameroon) - Collar 39840 [2005-2007]"
27192343640,true,2005-12-03 00:32:53.000,16.003,2.198,"B","argos-doppler-shift",,"#2782909047","39840","Elephant Research - Lobeke NP (Cameroon) - Collar 39840 [2005-2007]"
27192343641,true,2005-12-06 21:29:41.000,15.951,2.186,"3","argos-doppler-shift",,"#2782909047","39840","Elephant Research - Lobeke NP (Cameroon) - Collar 39840 [2005-2007]"
27192343642,true,2005-12-08 20:01:14.000,15.908,2.143,"1","argos-doppler-shift",,"#2782909047","39840","Elephant Research - Lobeke NP (Cameroon) - Collar 39840 [2005-2007]"
27192343643,true,2005-12-09 01:12:30.000,15.905,2.152,"B","argos-doppler-shift",,"#2782909047","39840","Elephant Research - Lobeke NP (Cameroon) - Collar 39840 [2005-2007]"
27192343644,true,2005-12-09 19:47:13.000,15.95,2.172,"A","argos-doppler-shift",,"#2782909047","39840","Elephant Research - Lobeke NP (Cameroon) - Collar 39840 [2005-2007]"
27192343645,true,2005-12-10 01:00:54.000,15.948,2.183,"A","argos-doppler-shift",,"#2782909047","39840","Elephant Research - Lobeke NP (Cameroon) - Collar 39840 [2005-2007]"
27192343646,true,2005-12-11 00:52:12.000,15.875,2.222,"B","argos-doppler-shift",,"#2782909047","39840","Elephant Research - Lobeke NP (Cameroon) - Collar 39840 [2005-2007]"
27192343647,true,2005-12-12 00:43:00.000,16.011,2.199,"A","argos-doppler-shift",,"#2782909047","39840","Elephant Research - Lobeke NP (Cameroon) - Collar 39840 [2005-2007]"
27192343648,true,2005-12-14 21:45:37.000,15.917,2.206,"B","argos-doppler-shift",,"#2782909047","39840","Elephant Research - Lobeke NP (Cameroon) - Collar 39840 [2005-2007]"
27192343649,true,2005-12-15 20:11:22.000,15.91,2.214,"A","argos-doppler-shift",,"#2782909047","39840","Elephant Research - Lobeke NP (Cameroon) - Collar 39840 [2005-2007]"
27192343650,true,2005-12-15 21:22:25.000,15.919,2.21,"B","argos-doppler-shift",,"#2782909047","39840","Elephant Research - Lobeke NP (Cameroon) - Collar 39840 [2005-2007]"
27192343651,true,2005-12-16 20:57:46.000,15.994,2.236,"A","argos-doppler-shift",,"#2782909047","39840","Elephant Research - Lobeke NP (Cameroon) - Collar 39840 [2005-2007]"
27192343652,true,2005-12-18 01:21:11.000,16.016,2.239,"B","argos-doppler-shift",,"#2782909047","39840","Elephant Research - Lobeke NP (Cameroon) - Collar 39840 [2005-2007]"
27192343653,true,2005-12-19 21:30:08.000,16.069,2.186,"B","argos-doppler-shift",,"#2782909047","39840","Elephant Research - Lobeke NP (Cameroon) - Collar 39840 [2005-2007]"
27192343654,true,2005-12-21 00:50:43.000,16.043,2.197,"A","argos-doppler-shift",,"#2782909047","39840","Elephant Research - Lobeke NP (Cameroon) - Collar 39840 [2005-2007]"
27192343655,true,2005-12-22 00:41:32.000,16.007,2.209,"0","argos-doppler-shift",,"#2782909047","39840","Elephant Research - Lobeke NP (Cameroon) - Collar 39840 [2005-2007]"
27192343656,true,2005-12-23 00:31:23.000,16.034,2.211,"B","argos-doppler-shift",,"#2782909047","39840","Elephant Research - Lobeke NP (Cameroon) - Collar 39840 [2005-2007]"
27192343657,true,2005-12-23 21:38:50.000,15.941,2.202,"B","argos-doppler-shift",,"#2782909047","39840","Elephant Research - Lobeke NP (Cameroon) - Collar 39840 [2005-2007]"
27192343658,true,2005-12-24 19:54:54.000,15.772,2.166,"B","argos-doppler-shift",,"#2782909047","39840","Elephant Research - Lobeke NP (Cameroon) - Collar 39840 [2005-2007]"
27192343659,true,2005-12-24 21:17:04.000,16.202,2.263,"B","argos-doppler-shift",,"#2782909047","39840","Elephant Research - Lobeke NP (Cameroon) - Collar 39840 [2005-2007]"
27192343660,true,2005-12-27 21:47:31.000,15.867,2.173,"B","argos-doppler-shift",,"#2782909047","39840","Elephant Research - Lobeke NP (Cameroon) - Collar 39840 [2005-2007]"
27192343661,true,2005-12-28 21:23:49.000,15.869,2.177,"A","argos-doppler-shift",,"#2782909047","39840","Elephant Research - Lobeke NP (Cameroon) - Collar 39840 [2005-2007]"
27192343662,true,2005-12-29 01:09:32.000,15.865,2.174,"3","argos-doppler-shift",,"#2782909047","39840","Elephant Research - Lobeke NP (Cameroon) - Collar 39840 [2005-2007]"
27192343663,true,2005-12-30 00:59:23.000,15.853,2.175,"B","argos-doppler-shift",,"#2782909047","39840","Elephant Research - Lobeke NP (Cameroon) - Collar 39840 [2005-2007]"
27192343664,true,2006-01-01 00:40:32.000,15.826,2.171,"B","argos-doppler-shift",,"#2782909047","39840","Elephant Research - Lobeke NP (Cameroon) - Collar 39840 [2005-2007]"
27192343665,true,2006-01-01 21:33:58.000,15.85,2.162,"B","argos-doppler-shift",,"#2782909047","39840","Elephant Research - Lobeke NP (Cameroon) - Collar 39840 [2005-2007]"
27192343666,true,2006-01-02 00:27:58.000,15.873,2.18,"B","argos-doppler-shift",,"#2782909047","39840","Elephant Research - Lobeke NP (Cameroon) - Collar 39840 [2005-2007]"
27192343667,true,2006-01-02 19:41:50.000,15.868,2.176,"3","argos-doppler-shift",,"#2782909047","39840","Elephant Research - Lobeke NP (Cameroon) - Collar 39840 [2005-2007]"
27192343668,true,2006-01-02 21:09:19.000,15.867,2.177,"3","argos-doppler-shift",,"#2782909047","39840","Elephant Research - Lobeke NP (Cameroon) - Collar 39840 [2005-2007]"
27192343669,true,2006-01-05 21:41:40.000,15.863,2.2,"B","argos-doppler-shift",,"#2782909047","39840","Elephant Research - Lobeke NP (Cameroon) - Collar 39840 [2005-2007]"
27192343670,true,2006-01-06 21:18:57.000,15.688,2.155,"B","argos-doppler-shift",,"#2782909047","39840","Elephant Research - Lobeke NP (Cameroon) - Collar 39840 [2005-2007]"
27192343671,true,2006-01-08 01:08:32.000,15.872,2.189,"3","argos-doppler-shift",,"#2782909047","39840","Elephant Research - Lobeke NP (Cameroon) - Collar 39840 [2005-2007]"
27192343672,true,2006-01-08 17:27:25.000,15.892,2.181,"B","argos-doppler-shift",,"#2782909047","39840","Elephant Research - Lobeke NP (Cameroon) - Collar 39840 [2005-2007]"
27192343673,true,2006-01-08 22:11:37.000,15.903,2.187,"B","argos-doppler-shift",,"#2782909047","39840","Elephant Research - Lobeke NP (Cameroon) - Collar 39840 [2005-2007]"
27192343674,true,2006-01-09 00:59:20.000,15.916,2.202,"A","argos-doppler-shift",,"#2782909047","39840","Elephant Research - Lobeke NP (Cameroon) - Collar 39840 [2005-2007]"
27192343675,true,2006-01-09 21:48:54.000,15.94,2.186,"B","argos-doppler-shift",,"#2782909047","39840","Elephant Research - Lobeke NP (Cameroon) - Collar 39840 [2005-2007]"
27192343676,true,2006-01-11 00:37:06.000,15.925,2.201,"A","argos-doppler-shift",,"#2782909047","39840","Elephant Research - Lobeke NP (Cameroon) - Collar 39840 [2005-2007]"
27192343677,true,2006-01-12 00:28:24.000,15.916,2.205,"B","argos-doppler-shift",,"#2782909047","39840","Elephant Research - Lobeke NP (Cameroon) - Collar 39840 [2005-2007]"
27192343678,true,2006-01-13 00:17:46.000,15.923,2.208,"B","argos-doppler-shift",,"#2782909047","39840","Elephant Research - Lobeke NP (Cameroon) - Collar 39840 [2005-2007]"
27192343679,true,2006-01-14 21:34:23.000,15.916,2.227,"B","argos-doppler-shift",,"#2782909047","39840","Elephant Research - Lobeke NP (Cameroon) - Collar 39840 [2005-2007]"
27192343680,true,2006-01-18 21:43:33.000,15.868,2.179,"B","argos-doppler-shift",,"#2782909047","39840","Elephant Research - Lobeke NP (Cameroon) - Collar 39840 [2005-2007]"
27192343681,true,2006-01-19 00:57:51.000,15.885,2.183,"A","argos-doppler-shift",,"#2782909047","39840","Elephant Research - Lobeke NP (Cameroon) - Collar 39840 [2005-2007]"
27192343682,true,2006-01-25 17:25:26.000,15.802,2.148,"B","argos-doppler-shift",,"#2782909047","39840","Elephant Research - Lobeke NP (Cameroon) - Collar 39840 [2005-2007]"
27192343683,true,2006-01-25 22:20:45.000,15.729,2.163,"A","argos-doppler-shift",,"#2782909047","39840","Elephant Research - Lobeke NP (Cameroon) - Collar 39840 [2005-2007]"
27192343684,true,2006-01-26 22:00:56.000,15.827,2.245,"A","argos-doppler-shift",,"#2782909047","39840","Elephant Research - Lobeke NP (Cameroon) - Collar 39840 [2005-2007]"
27192343685,true,2006-01-27 01:14:45.000,15.852,2.248,"B","argos-doppler-shift",,"#2782909047","39840","Elephant Research - Lobeke NP (Cameroon) - Collar 39840 [2005-2007]"
27192343686,true,2006-01-27 21:36:46.000,15.961,2.224,"A","argos-doppler-shift",,"#2782909047","39840","Elephant Research - Lobeke NP (Cameroon) - Collar 39840 [2005-2007]"
27192343687,true,2006-01-28 21:15:01.000,15.953,2.175,"A","argos-doppler-shift",,"#2782909047","39840","Elephant Research - Lobeke NP (Cameroon) - Collar 39840 [2005-2007]"
27192343688,true,2006-01-29 00:55:54.000,15.996,2.184,"A","argos-doppler-shift",,"#2782909047","39840","Elephant Research - Lobeke NP (Cameroon) - Collar 39840 [2005-2007]"
27192343689,true,2006-01-30 20:25:42.000,15.974,2.121,"B","argos-doppler-shift",,"#2782909047","39840","Elephant Research - Lobeke NP (Cameroon) - Collar 39840 [2005-2007]"
27192343690,true,2006-02-01 00:23:01.000,16.009,2.17,"B","argos-doppler-shift",,"#2782909047","39840","Elephant Research - Lobeke NP (Cameroon) - Collar 39840 [2005-2007]"
27192343691,true,2006-02-01 21:22:44.000,16.058,2.212,"A","argos-doppler-shift",,"#2782909047","39840","Elephant Research - Lobeke NP (Cameroon) - Collar 39840 [2005-2007]"
27192343692,true,2006-02-02 20:56:38.000,16.043,2.207,"A","argos-doppler-shift",,"#2782909047","39840","Elephant Research - Lobeke NP (Cameroon) - Collar 39840 [2005-2007]"
27192343693,true,2006-02-06 01:13:45.000,16.033,2.187,"A","argos-doppler-shift",,"#2782909047","39840","Elephant Research - Lobeke NP (Cameroon) - Collar 39840 [2005-2007]"
27192343694,true,2006-02-06 21:07:15.000,16.036,2.171,"B","argos-doppler-shift",,"#2782909047","39840","Elephant Research - Lobeke NP (Cameroon) - Collar 39840 [2005-2007]"
27192343695,true,2006-02-07 01:05:03.000,16.019,2.175,"B","argos-doppler-shift",,"#2782909047","39840","Elephant Research - Lobeke NP (Cameroon) - Collar 39840 [2005-2007]"
27192343696,true,2006-02-07 20:18:55.000,16.031,2.127,"A","argos-doppler-shift",,"#2782909047","39840","Elephant Research - Lobeke NP (Cameroon) - Collar 39840 [2005-2007]"
27192343697,true,2006-02-08 00:53:56.000,16.035,2.122,"A","argos-doppler-shift",,"#2782909047","39840","Elephant Research - Lobeke NP (Cameroon) - Collar 39840 [2005-2007]"
27192343698,true,2006-02-09 00:44:16.000,16.028,2.132,"1","argos-doppler-shift",,"#2782909047","39840","Elephant Research - Lobeke NP (Cameroon) - Collar 39840 [2005-2007]"
27192343699,true,2006-02-09 19:51:51.000,16.029,2.165,"3","argos-doppler-shift",,"#2782909047","39840","Elephant Research - Lobeke NP (Cameroon) - Collar 39840 [2005-2007]"
27192343700,true,2006-02-09 21:38:11.000,16.028,2.168,"A","argos-doppler-shift",,"#2782909047","39840","Elephant Research - Lobeke NP (Cameroon) - Collar 39840 [2005-2007]"
27192343701,true,2006-02-10 00:35:34.000,16.041,2.163,"1","argos-doppler-shift",,"#2782909047","39840","Elephant Research - Lobeke NP (Cameroon) - Collar 39840 [2005-2007]"
27192343702,true,2006-02-10 19:40:44.000,16.062,2.151,"B","argos-doppler-shift",,"#2782909047","39840","Elephant Research - Lobeke NP (Cameroon) - Collar 39840 [2005-2007]"
27192343703,true,2006-02-10 21:15:57.000,16.047,2.158,"A","argos-doppler-shift",,"#2782909047","39840","Elephant Research - Lobeke NP (Cameroon) - Collar 39840 [2005-2007]"
27192343704,true,2006-02-11 00:23:58.000,16.054,2.175,"B","argos-doppler-shift",,"#2782909047","39840","Elephant Research - Lobeke NP (Cameroon) - Collar 39840 [2005-2007]"
27192343705,true,2006-02-11 19:26:13.000,16.056,2.173,"B","argos-doppler-shift",,"#2782909047","39840","Elephant Research - Lobeke NP (Cameroon) - Collar 39840 [2005-2007]"
27192343706,true,2006-02-11 20:53:13.000,16.052,2.171,"A","argos-doppler-shift",,"#2782909047","39840","Elephant Research - Lobeke NP (Cameroon) - Collar 39840 [2005-2007]"
27192343707,true,2006-02-14 21:22:13.000,16.052,2.185,"A","argos-doppler-shift",,"#2782909047","39840","Elephant Research - Lobeke NP (Cameroon) - Collar 39840 [2005-2007]"
27192343708,true,2006-02-14 23:40:56.000,16.044,2.187,"B","argos-doppler-shift",,"#2782909047","39840","Elephant Research - Lobeke NP (Cameroon) - Collar 39840 [2005-2007]"
27192343709,true,2006-02-15 01:21:57.000,16.036,2.187,"B","argos-doppler-shift",,"#2782909047","39840","Elephant Research - Lobeke NP (Cameroon) - Collar 39840 [2005-2007]"
27192343710,true,2006-02-15 21:01:26.000,16.023,2.211,"3","argos-doppler-shift",,"#2782909047","39840","Elephant Research - Lobeke NP (Cameroon) - Collar 39840 [2005-2007]"
27192343711,true,2006-02-16 20:03:54.000,16.11,2.208,"B","argos-doppler-shift",,"#2782909047","39840","Elephant Research - Lobeke NP (Cameroon) - Collar 39840 [2005-2007]"
27192343712,true,2006-02-17 01:02:07.000,16.023,2.19,"3","argos-doppler-shift",,"#2782909047","39840","Elephant Research - Lobeke NP (Cameroon) - Collar 39840 [2005-2007]"
27192343713,true,2006-02-17 21:53:08.000,16.017,2.187,"B","argos-doppler-shift",,"#2782909047","39840","Elephant Research - Lobeke NP (Cameroon) - Collar 39840 [2005-2007]"
27192343714,true,2006-02-18 00:53:54.000,16.031,2.188,"1","argos-doppler-shift",,"#2782909047","39840","Elephant Research - Lobeke NP (Cameroon) - Collar 39840 [2005-2007]"
27192343715,true,2006-02-18 19:38:46.000,16.047,2.188,"B","argos-doppler-shift",,"#2782909047","39840","Elephant Research - Lobeke NP (Cameroon) - Collar 39840 [2005-2007]"
27192343716,true,2006-02-18 21:30:25.000,16.034,2.188,"3","argos-doppler-shift",,"#2782909047","39840","Elephant Research - Lobeke NP (Cameroon) - Collar 39840 [2005-2007]"
27192343717,true,2006-02-19 00:41:20.000,16.054,2.192,"B","argos-doppler-shift",,"#2782909047","39840","Elephant Research - Lobeke NP (Cameroon) - Collar 39840 [2005-2007]"
27192343718,true,2006-02-19 21:03:50.000,16.054,2.184,"B","argos-doppler-shift",,"#2782909047","39840","Elephant Research - Lobeke NP (Cameroon) - Collar 39840 [2005-2007]"
27192343719,true,2006-02-19 21:09:09.000,16.056,2.19,"3","argos-doppler-shift",,"#2782909047","39840","Elephant Research - Lobeke NP (Cameroon) - Collar 39840 [2005-2007]"
27192343720,true,2006-02-20 00:29:44.000,16.042,2.197,"B","argos-doppler-shift",,"#2782909047","39840","Elephant Research - Lobeke NP (Cameroon) - Collar 39840 [2005-2007]"
27192343721,true,2006-02-22 21:41:02.000,16.071,2.291,"3","argos-doppler-shift",,"#2782909047","39840","Elephant Research - Lobeke NP (Cameroon) - Collar 39840 [2005-2007]"
27192343722,true,2006-02-23 21:15:54.000,16.148,2.296,"0","argos-doppler-shift",,"#2782909047","39840","Elephant Research - Lobeke NP (Cameroon) - Collar 39840 [2005-2007]"
27192343723,true,2006-02-24 20:54:09.000,16.086,2.29,"A","argos-doppler-shift",,"#2782909047","39840","Elephant Research - Lobeke NP (Cameroon) - Collar 39840 [2005-2007]"
27192343724,true,2006-02-25 20:32:24.000,16.094,2.284,"B","argos-doppler-shift",,"#2782909047","39840","Elephant Research - Lobeke NP (Cameroon) - Collar 39840 [2005-2007]"
27192343725,true,2006-02-27 21:24:35.000,16.068,2.24,"1","argos-doppler-shift",,"#2782909047","39840","Elephant Research - Lobeke NP (Cameroon) - Collar 39840 [2005-2007]"
27192343726,true,2006-02-28 00:49:02.000,16.075,2.241,"A","argos-doppler-shift",,"#2782909047","39840","Elephant Research - Lobeke NP (Cameroon) - Collar 39840 [2005-2007]"
27192343727,true,2006-02-28 21:00:54.000,16.063,2.25,"2","argos-doppler-shift",,"#2782909047","39840","Elephant Research - Lobeke NP (Cameroon) - Collar 39840 [2005-2007]"
27192343728,true,2006-03-01 00:39:22.000,16.051,2.251,"A","argos-doppler-shift",,"#2782909047","39840","Elephant Research - Lobeke NP (Cameroon) - Collar 39840 [2005-2007]"
27192343729,true,2006-03-01 20:39:09.000,16.048,2.204,"A","argos-doppler-shift",,"#2782909047","39840","Elephant Research - Lobeke NP (Cameroon) - Collar 39840 [2005-2007]"
27192343730,true,2006-03-02 21:56:58.000,16.017,2.183,"B","argos-doppler-shift",,"#2782909047","39840","Elephant Research - Lobeke NP (Cameroon) - Collar 39840 [2005-2007]"
27192343731,true,2006-03-03 00:22:56.000,16.038,2.181,"B","argos-doppler-shift",,"#2782909047","39840","Elephant Research - Lobeke NP (Cameroon) - Collar 39840 [2005-2007]"
27192343732,true,2006-03-03 21:32:48.000,16.014,2.205,"A","argos-doppler-shift",,"#2782909047","39840","Elephant Research - Lobeke NP (Cameroon) - Collar 39840 [2005-2007]"
27192343733,true,2006-03-04 21:11:02.000,15.998,2.215,"A","argos-doppler-shift",,"#2782909047","39840","Elephant Research - Lobeke NP (Cameroon) - Collar 39840 [2005-2007]"
27192343734,true,2006-03-07 21:41:29.000,16.006,2.217,"B","argos-doppler-shift",,"#2782909047","39840","Elephant Research - Lobeke NP (Cameroon) - Collar 39840 [2005-2007]"
27192343735,true,2006-03-08 01:08:21.000,16.0,2.225,"B","argos-doppler-shift",,"#2782909047","39840","Elephant Research - Lobeke NP (Cameroon) - Collar 39840 [2005-2007]"
27192343736,true,2006-03-09 00:58:41.000,16.001,2.22,"A","argos-doppler-shift",,"#2782909047","39840","Elephant Research - Lobeke NP (Cameroon) - Collar 39840 [2005-2007]"
27192343737,true,2006-03-09 20:55:34.000,16.004,2.218,"A","argos-doppler-shift",,"#2782909047","39840","Elephant Research - Lobeke NP (Cameroon) - Collar 39840 [2005-2007]"
27192343738,true,2006-03-10 00:46:36.000,15.894,2.249,"B","argos-doppler-shift",,"#2782909047","39840","Elephant Research - Lobeke NP (Cameroon) - Collar 39840 [2005-2007]"
27192343739,true,2006-03-11 00:37:24.000,15.994,2.226,"A","argos-doppler-shift",,"#2782909047","39840","Elephant Research - Lobeke NP (Cameroon) - Collar 39840 [2005-2007]"
27192343740,true,2006-03-11 21:48:14.000,15.966,2.208,"B","argos-doppler-shift",,"#2782909047","39840","Elephant Research - Lobeke NP (Cameroon) - Collar 39840 [2005-2007]"
27192343741,true,2006-03-12 00:29:40.000,15.975,2.213,"A","argos-doppler-shift",,"#2782909047","39840","Elephant Research - Lobeke NP (Cameroon) - Collar 39840 [2005-2007]"
27192343742,true,2006-03-12 21:26:58.000,15.964,2.201,"A","argos-doppler-shift",,"#2782909047","39840","Elephant Research - Lobeke NP (Cameroon) - Collar 39840 [2005-2007]"
27192343743,true,2006-03-13 00:19:31.000,15.967,2.195,"B","argos-doppler-shift",,"#2782909047","39840","Elephant Research - Lobeke NP (Cameroon) - Collar 39840 [2005-2007]"
27192343744,true,2006-03-16 21:34:12.000,15.912,2.255,"A","argos-doppler-shift",,"#2782909047","39840","Elephant Research - Lobeke NP (Cameroon) - Collar 39840 [2005-2007]"
27192343745,true,2006-03-17 21:12:27.000,15.817,2.252,"1","argos-doppler-shift",,"#2782909047","39840","Elephant Research - Lobeke NP (Cameroon) - Collar 39840 [2005-2007]"
27192343746,true,2006-03-18 01:06:23.000,15.824,2.261,"B","argos-doppler-shift",,"#2782909047","39840","Elephant Research - Lobeke NP (Cameroon) - Collar 39840 [2005-2007]"
27192343747,true,2006-03-18 20:49:15.000,15.888,2.242,"A","argos-doppler-shift",,"#2782909047","39840","Elephant Research - Lobeke NP (Cameroon) - Collar 39840 [2005-2007]"
27192343748,true,2006-03-19 00:59:08.000,15.905,2.245,"2","argos-doppler-shift",,"#2782909047","39840","Elephant Research - Lobeke NP (Cameroon) - Collar 39840 [2005-2007]"
27192343749,true,2006-03-20 00:45:36.000,15.958,2.231,"1","argos-doppler-shift",,"#2782909047","39840","Elephant Research - Lobeke NP (Cameroon) - Collar 39840 [2005-2007]"
27192343750,true,2006-03-21 00:36:24.000,15.977,2.241,"A","argos-doppler-shift",,"#2782909047","39840","Elephant Research - Lobeke NP (Cameroon) - Collar 39840 [2005-2007]"
27192343751,true,2006-03-21 21:20:39.000,15.991,2.229,"1","argos-doppler-shift",,"#2782909047","39840","Elephant Research - Lobeke NP (Cameroon) - Collar 39840 [2005-2007]"
27192343752,true,2006-03-22 00:25:46.000,15.987,2.23,"B","argos-doppler-shift",,"#2782909047","39840","Elephant Research - Lobeke NP (Cameroon) - Collar 39840 [2005-2007]"
27192343753,true,2006-03-22 20:56:29.000,15.971,2.225,"3","argos-doppler-shift",,"#2782909047","39840","Elephant Research - Lobeke NP (Cameroon) - Collar 39840 [2005-2007]"
27192343754,true,2006-03-23 00:13:41.000,15.943,2.226,"A","argos-doppler-shift",,"#2782909047","39840","Elephant Research - Lobeke NP (Cameroon) - Collar 39840 [2005-2007]"
27192343755,true,2006-03-25 20:28:27.000,15.944,2.201,"A","argos-doppler-shift",,"#2782909047","39840","Elephant Research - Lobeke NP (Cameroon) - Collar 39840 [2005-2007]"
27192343756,true,2006-03-26 20:12:00.000,15.721,2.12,"B","argos-doppler-shift",,"#2782909047","39840","Elephant Research - Lobeke NP (Cameroon) - Collar 39840 [2005-2007]"
27192343757,true,2006-03-26 21:05:39.000,15.929,2.178,"3","argos-doppler-shift",,"#2782909047","39840","Elephant Research - Lobeke NP (Cameroon) - Collar 39840 [2005-2007]"
27192343758,true,2006-03-27 19:59:55.000,15.976,2.207,"A","argos-doppler-shift",,"#2782909047","39840","Elephant Research - Lobeke NP (Cameroon) - Collar 39840 [2005-2007]"
27192343759,true,2006-03-28 19:48:19.000,15.953,2.187,"2","argos-doppler-shift",,"#2782909047","39840","Elephant Research - Lobeke NP (Cameroon) - Collar 39840 [2005-2007]"
27192343760,true,2006-03-28 22:00:16.000,15.959,2.182,"B","argos-doppler-shift",,"#2782909047","39840","Elephant Research - Lobeke NP (Cameroon) - Collar 39840 [2005-2007]"
27192343761,true,2006-03-29 21:35:37.000,16.013,2.225,"A","argos-doppler-shift",,"#2782909047","39840","Elephant Research - Lobeke NP (Cameroon) - Collar 39840 [2005-2007]"
27192343762,true,2006-03-30 21:12:25.000,16.234,2.264,"B","argos-doppler-shift",,"#2782909047","39840","Elephant Research - Lobeke NP (Cameroon) - Collar 39840 [2005-2007]"
27192343763,true,2006-03-31 00:35:54.000,16.015,2.223,"A","argos-doppler-shift",,"#2782909047","39840","Elephant Research - Lobeke NP (Cameroon) - Collar 39840 [2005-2007]"
27192343764,true,2006-03-31 20:51:37.000,16.004,2.211,"A","argos-doppler-shift",,"#2782909047","39840","Elephant Research - Lobeke NP (Cameroon) - Collar 39840 [2005-2007]"
27192343765,true,2006-04-03 21:23:02.000,15.986,2.204,"B","argos-doppler-shift",,"#2782909047","39840","Elephant Research - Lobeke NP (Cameroon) - Collar 39840 [2005-2007]"
27192343766,true,2006-04-04 20:57:54.000,15.995,2.209,"B","argos-doppler-shift",,"#2782909047","39840","Elephant Research - Lobeke NP (Cameroon) - Collar 39840 [2005-2007]"
27192343767,true,2006-04-05 19:45:53.000,16.016,2.215,"B","argos-doppler-shift",,"#2782909047","39840","Elephant Research - Lobeke NP (Cameroon) - Collar 39840 [2005-2007]"
27192343768,true,2006-04-05 20:38:34.000,16.01,2.221,"B","argos-doppler-shift",,"#2782909047","39840","Elephant Research - Lobeke NP (Cameroon) - Collar 39840 [2005-2007]"
27192343769,true,2006-04-08 00:54:43.000,15.999,2.218,"B","argos-doppler-shift",,"#2782909047","39840","Elephant Research - Lobeke NP (Cameroon) - Collar 39840 [2005-2007]"
27192343770,true,2006-04-08 21:07:33.000,15.974,2.213,"A","argos-doppler-shift",,"#2782909047","39840","Elephant Research - Lobeke NP (Cameroon) - Collar 39840 [2005-2007]"
27192343771,true,2006-04-10 00:33:27.000,15.973,2.222,"2","argos-doppler-shift",,"#2782909047","39840","Elephant Research - Lobeke NP (Cameroon) - Collar 39840 [2005-2007]"
27192343772,true,2006-04-11 00:21:51.000,15.993,2.22,"B","argos-doppler-shift",,"#2782909047","39840","Elephant Research - Lobeke NP (Cameroon) - Collar 39840 [2005-2007]"
27192343773,true,2006-04-13 19:42:28.000,16.044,2.177,"A","argos-doppler-shift",,"#2782909047","39840","Elephant Research - Lobeke NP (Cameroon) - Collar 39840 [2005-2007]"
27192343774,true,2006-04-13 20:52:33.000,16.044,2.184,"A","argos-doppler-shift",,"#2782909047","39840","Elephant Research - Lobeke NP (Cameroon) - Collar 39840 [2005-2007]"
27192343775,true,2006-04-16 01:12:06.000,16.03,2.177,"B","argos-doppler-shift",,"#2782909047","39840","Elephant Research - Lobeke NP (Cameroon) - Collar 39840 [2005-2007]"
27192343776,true,2006-04-17 01:03:24.000,16.04,2.184,"B","argos-doppler-shift",,"#2782909047","39840","Elephant Research - Lobeke NP (Cameroon) - Collar 39840 [2005-2007]"
27192343777,true,2006-04-18 00:51:47.000,16.019,2.213,"A","argos-doppler-shift",,"#2782909047","39840","Elephant Research - Lobeke NP (Cameroon) - Collar 39840 [2005-2007]"
27192343778,true,2006-04-19 00:42:07.000,16.074,2.202,"B","argos-doppler-shift",,"#2782909047","39840","Elephant Research - Lobeke NP (Cameroon) - Collar 39840 [2005-2007]"
27192343779,true,2006-04-19 21:54:53.000,16.026,2.22,"B","argos-doppler-shift",,"#2782909047","39840","Elephant Research - Lobeke NP (Cameroon) - Collar 39840 [2005-2007]"
27192343780,true,2006-04-20 21:31:12.000,16.023,2.214,"B","argos-doppler-shift",,"#2782909047","39840","Elephant Research - Lobeke NP (Cameroon) - Collar 39840 [2005-2007]"
27192343781,true,2006-04-21 00:24:43.000,16.075,2.212,"B","argos-doppler-shift",,"#2782909047","39840","Elephant Research - Lobeke NP (Cameroon) - Collar 39840 [2005-2007]"
27192343782,true,2006-04-24 01:20:47.000,16.033,2.208,"B","argos-doppler-shift",,"#2782909047","39840","Elephant Research - Lobeke NP (Cameroon) - Collar 39840 [2005-2007]"
27192343783,true,2006-04-30 00:30:30.000,16.014,2.22,"3","argos-doppler-shift",,"#2782909047","39840","Elephant Research - Lobeke NP (Cameroon) - Collar 39840 [2005-2007]"
27192343784,true,2006-04-30 21:02:10.000,16.026,2.219,"B","argos-doppler-shift",,"#2782909047","39840","Elephant Research - Lobeke NP (Cameroon) - Collar 39840 [2005-2007]"
27192343785,true,2006-05-02 21:57:16.000,16.056,2.222,"A","argos-doppler-shift",,"#2782909047","39840","Elephant Research - Lobeke NP (Cameroon) - Collar 39840 [2005-2007]"
27192343786,true,2006-05-03 20:25:26.000,15.986,2.172,"B","argos-doppler-shift",,"#2782909047","39840","Elephant Research - Lobeke NP (Cameroon) - Collar 39840 [2005-2007]"
27192343787,true,2006-05-03 21:32:37.000,15.986,2.177,"B","argos-doppler-shift",,"#2782909047","39840","Elephant Research - Lobeke NP (Cameroon) - Collar 39840 [2005-2007]"
27192343788,true,2006-05-04 21:09:54.000,16.011,2.175,"B","argos-doppler-shift",,"#2782909047","39840","Elephant Research - Lobeke NP (Cameroon) - Collar 39840 [2005-2007]"
27192343789,true,2006-05-05 20:46:41.000,15.998,2.178,"B","argos-doppler-shift",,"#2782909047","39840","Elephant Research - Lobeke NP (Cameroon) - Collar 39840 [2005-2007]"
27192343790,true,2006-05-06 01:10:06.000,15.981,2.181,"B","argos-doppler-shift",,"#2782909047","39840","Elephant Research - Lobeke NP (Cameroon) - Collar 39840 [2005-2007]"
27192343791,true,2006-05-06 17:25:08.000,15.976,2.201,"B","argos-doppler-shift",,"#2782909047","39840","Elephant Research - Lobeke NP (Cameroon) - Collar 39840 [2005-2007]"
27192343792,true,2006-05-06 19:47:43.000,15.965,2.204,"3","argos-doppler-shift",,"#2782909047","39840","Elephant Research - Lobeke NP (Cameroon) - Collar 39840 [2005-2007]"
27192343793,true,2006-05-07 21:41:47.000,15.943,2.188,"2","argos-doppler-shift",,"#2782909047","39840","Elephant Research - Lobeke NP (Cameroon) - Collar 39840 [2005-2007]"
27192343794,true,2006-05-08 00:51:15.000,15.945,2.188,"1","argos-doppler-shift",,"#2782909047","39840","Elephant Research - Lobeke NP (Cameroon) - Collar 39840 [2005-2007]"
27192343795,true,2006-05-09 00:40:08.000,15.917,2.191,"1","argos-doppler-shift",,"#2782909047","39840","Elephant Research - Lobeke NP (Cameroon) - Collar 39840 [2005-2007]"
27192343796,true,2006-05-09 20:56:50.000,15.926,2.176,"B","argos-doppler-shift",,"#2782909047","39840","Elephant Research - Lobeke NP (Cameroon) - Collar 39840 [2005-2007]"
27192343797,true,2006-05-10 00:30:28.000,15.923,2.183,"B","argos-doppler-shift",,"#2782909047","39840","Elephant Research - Lobeke NP (Cameroon) - Collar 39840 [2005-2007]"
27192343798,true,2006-05-10 20:35:04.000,15.987,2.176,"B","argos-doppler-shift",,"#2782909047","39840","Elephant Research - Lobeke NP (Cameroon) - Collar 39840 [2005-2007]"
27192343799,true,2006-05-12 20:09:27.000,16.008,2.159,"2","argos-doppler-shift",,"#2782909047","39840","Elephant Research - Lobeke NP (Cameroon) - Collar 39840 [2005-2007]"
27192343800,true,2006-05-13 21:04:33.000,15.972,2.154,"A","argos-doppler-shift",,"#2782909047","39840","Elephant Research - Lobeke NP (Cameroon) - Collar 39840 [2005-2007]"
27192343801,true,2006-05-14 20:40:23.000,15.951,2.177,"A","argos-doppler-shift",,"#2782909047","39840","Elephant Research - Lobeke NP (Cameroon) - Collar 39840 [2005-2007]"
27192343802,true,2006-05-15 01:18:17.000,15.957,2.18,"A","argos-doppler-shift",,"#2782909047","39840","Elephant Research - Lobeke NP (Cameroon) - Collar 39840 [2005-2007]"
27192343803,true,2006-05-16 01:08:08.000,15.966,2.159,"B","argos-doppler-shift",,"#2782909047","39840","Elephant Research - Lobeke NP (Cameroon) - Collar 39840 [2005-2007]"
27192343804,true,2006-05-16 21:34:01.000,15.954,2.173,"A","argos-doppler-shift",,"#2782909047","39840","Elephant Research - Lobeke NP (Cameroon) - Collar 39840 [2005-2007]"
27192343805,true,2006-05-17 01:00:53.000,15.935,2.192,"B","argos-doppler-shift",,"#2782909047","39840","Elephant Research - Lobeke NP (Cameroon) - Collar 39840 [2005-2007]"
27192343806,true,2006-05-17 21:10:49.000,15.922,2.162,"B","argos-doppler-shift",,"#2782909047","39840","Elephant Research - Lobeke NP (Cameroon) - Collar 39840 [2005-2007]"
27192343807,true,2006-05-18 00:47:50.000,15.97,2.182,"1","argos-doppler-shift",,"#2782909047","39840","Elephant Research - Lobeke NP (Cameroon) - Collar 39840 [2005-2007]"
27192343808,true,2006-05-18 20:49:04.000,15.97,2.156,"A","argos-doppler-shift",,"#2782909047","39840","Elephant Research - Lobeke NP (Cameroon) - Collar 39840 [2005-2007]"
27192343809,true,2006-05-19 00:37:12.000,15.969,2.16,"2","argos-doppler-shift",,"#2782909047","39840","Elephant Research - Lobeke NP (Cameroon) - Collar 39840 [2005-2007]"
27192343810,true,2006-05-19 20:25:51.000,15.975,2.161,"B","argos-doppler-shift",,"#2782909047","39840","Elephant Research - Lobeke NP (Cameroon) - Collar 39840 [2005-2007]"
27192343811,true,2006-05-21 21:20:28.000,15.966,2.178,"B","argos-doppler-shift",,"#2782909047","39840","Elephant Research - Lobeke NP (Cameroon) - Collar 39840 [2005-2007]"
27192343812,true,2006-05-25 01:14:52.000,15.996,2.17,"B","argos-doppler-shift",,"#2782909047","39840","Elephant Research - Lobeke NP (Cameroon) - Collar 39840 [2005-2007]"
27192343813,true,2006-05-26 21:04:59.000,15.976,2.176,"3","argos-doppler-shift",,"#2782909047","39840","Elephant Research - Lobeke NP (Cameroon) - Collar 39840 [2005-2007]"
27192343814,true,2006-05-28 00:47:48.000,16.025,2.158,"A","argos-doppler-shift",,"#2782909047","39840","Elephant Research - Lobeke NP (Cameroon) - Collar 39840 [2005-2007]"
27192343815,true,2006-05-30 21:13:40.000,16.0,2.146,"B","argos-doppler-shift",,"#2782909047","39840","Elephant Research - Lobeke NP (Cameroon) - Collar 39840 [2005-2007]"
27192343816,true,2006-06-02 21:46:02.000,16.013,2.189,"B","argos-doppler-shift",,"#2782909047","39840","Elephant Research - Lobeke NP (Cameroon) - Collar 39840 [2005-2007]"
27192343817,true,2006-06-03 21:20:25.000,15.918,2.145,"B","argos-doppler-shift",,"#2782909047","39840","Elephant Research - Lobeke NP (Cameroon) - Collar 39840 [2005-2007]"
27192343818,true,2006-06-05 20:34:01.000,16.007,2.187,"B","argos-doppler-shift",,"#2782909047","39840","Elephant Research - Lobeke NP (Cameroon) - Collar 39840 [2005-2007]"
27192343819,true,2006-06-07 00:43:54.000,15.771,2.188,"B","argos-doppler-shift",,"#2782909047","39840","Elephant Research - Lobeke NP (Cameroon) - Collar 39840 [2005-2007]"
27192343820,true,2006-06-07 21:29:06.000,15.964,2.148,"B","argos-doppler-shift",,"#2782909047","39840","Elephant Research - Lobeke NP (Cameroon) - Collar 39840 [2005-2007]"
27192343821,true,2006-06-08 00:34:13.000,15.967,2.15,"3","argos-doppler-shift",,"#2782909047","39840","Elephant Research - Lobeke NP (Cameroon) - Collar 39840 [2005-2007]"
27192343822,true,2006-06-08 21:01:33.000,15.958,2.148,"B","argos-doppler-shift",,"#2782909047","39840","Elephant Research - Lobeke NP (Cameroon) - Collar 39840 [2005-2007]"
27192343823,true,2006-06-08 21:04:27.000,15.972,2.15,"1","argos-doppler-shift",,"#2782909047","39840","Elephant Research - Lobeke NP (Cameroon) - Collar 39840 [2005-2007]"
27192343824,true,2006-06-09 00:23:06.000,15.983,2.15,"B","argos-doppler-shift",,"#2782909047","39840","Elephant Research - Lobeke NP (Cameroon) - Collar 39840 [2005-2007]"
27192343825,true,2006-06-10 00:12:28.000,15.974,2.146,"A","argos-doppler-shift",,"#2782909047","39840","Elephant Research - Lobeke NP (Cameroon) - Collar 39840 [2005-2007]"
27192343826,true,2006-06-13 19:56:17.000,16.033,2.151,"3","argos-doppler-shift",,"#2782909047","39840","Elephant Research - Lobeke NP (Cameroon) - Collar 39840 [2005-2007]"
27192343827,true,2006-06-15 21:44:33.000,16.022,2.174,"A","argos-doppler-shift",,"#2782909047","39840","Elephant Research - Lobeke NP (Cameroon) - Collar 39840 [2005-2007]"
27192343828,true,2006-06-16 00:52:34.000,16.007,2.17,"B","argos-doppler-shift",,"#2782909047","39840","Elephant Research - Lobeke NP (Cameroon) - Collar 39840 [2005-2007]"
27192343829,true,2006-06-16 21:20:22.000,16.037,2.166,"2","argos-doppler-shift",,"#2782909047","39840","Elephant Research - Lobeke NP (Cameroon) - Collar 39840 [2005-2007]"
27192343830,true,2006-06-17 20:57:10.000,15.959,2.136,"B","argos-doppler-shift",,"#2782909047","39840","Elephant Research - Lobeke NP (Cameroon) - Collar 39840 [2005-2007]"
27192343831,true,2006-06-18 00:32:44.000,16.021,2.151,"2","argos-doppler-shift",,"#2782909047","39840","Elephant Research - Lobeke NP (Cameroon) - Collar 39840 [2005-2007]"
27192343832,true,2006-06-19 21:53:14.000,16.024,2.15,"B","argos-doppler-shift",,"#2782909047","39840","Elephant Research - Lobeke NP (Cameroon) - Collar 39840 [2005-2007]"
27192343833,true,2006-06-20 00:11:28.000,16.024,2.161,"3","argos-doppler-shift",,"#2782909047","39840","Elephant Research - Lobeke NP (Cameroon) - Collar 39840 [2005-2007]"
27192343834,true,2006-06-23 01:20:34.000,15.974,2.167,"A","argos-doppler-shift",,"#2782909047","39840","Elephant Research - Lobeke NP (Cameroon) - Collar 39840 [2005-2007]"
27192343835,true,2006-06-24 01:11:52.000,15.984,2.177,"B","argos-doppler-shift",,"#2782909047","39840","Elephant Research - Lobeke NP (Cameroon) - Collar 39840 [2005-2007]"
27192343836,true,2006-06-25 01:01:14.000,16.02,2.169,"B","argos-doppler-shift",,"#2782909047","39840","Elephant Research - Lobeke NP (Cameroon) - Collar 39840 [2005-2007]"
27192343837,true,2006-06-25 20:43:37.000,16.046,2.159,"A","argos-doppler-shift",,"#2782909047","39840","Elephant Research - Lobeke NP (Cameroon) - Collar 39840 [2005-2007]"
27192343838,true,2006-06-26 00:50:36.000,16.042,2.157,"A","argos-doppler-shift",,"#2782909047","39840","Elephant Research - Lobeke NP (Cameroon) - Collar 39840 [2005-2007]"
27192343839,true,2006-06-26 20:54:14.000,16.038,2.158,"B","argos-doppler-shift",,"#2782909047","39840","Elephant Research - Lobeke NP (Cameroon) - Collar 39840 [2005-2007]"
27192343840,true,2006-06-27 20:17:30.000,16.011,2.151,"A","argos-doppler-shift",,"#2782909047","39840","Elephant Research - Lobeke NP (Cameroon) - Collar 39840 [2005-2007]"
27192343841,true,2006-06-28 00:31:44.000,16.034,2.15,"B","argos-doppler-shift",,"#2782909047","39840","Elephant Research - Lobeke NP (Cameroon) - Collar 39840 [2005-2007]"
27192343842,true,2006-06-29 00:20:37.000,26.451,,"3","argos-doppler-shift",,"#2782909047","39840","Elephant Research - Lobeke NP (Cameroon) - Collar 39840 [2005-2007]"
27192343843,true,2006-06-30 19:39:19.000,36.14,2.153,"A","argos-doppler-shift",,"#2782909047","39840","Elephant Research - Lobeke NP (Cameroon) - Collar 39840 [2005-2007]"
27192343844,true,2006-06-30 21:01:29.000,16.002,2.156,"A","argos-doppler-shift",,"#2782909047","39840","Elephant Research - Lobeke NP (Cameroon) - Collar 39840 [2005-2007]"
27192343845,true,2006-07-03 21:30:57.000,15.978,2.154,"3","argos-doppler-shift",,"#2782909047","39840","Elephant Research - Lobeke NP (Cameroon) - Collar 39840 [2005-2007]"
27192343846,true,2006-07-05 01:00:43.000,16.009,2.178,"A","argos-doppler-shift",,"#2782909047","39840","Elephant Research - Lobeke NP (Cameroon) - Collar 39840 [2005-2007]"
27192343847,true,2006-07-05 20:15:33.000,16.011,2.17,"A","argos-doppler-shift",,"#2782909047","39840","Elephant Research - Lobeke NP (Cameroon) - Collar 39840 [2005-2007]"
27192343848,true,2006-07-07 00:37:02.000,15.921,2.199,"B","argos-doppler-shift",,"#2782909047","39840","Elephant Research - Lobeke NP (Cameroon) - Collar 39840 [2005-2007]"
27192343849,true,2006-07-10 00:08:30.000,16.018,2.177,"B","argos-doppler-shift",,"#2782909047","39840","Elephant Research - Lobeke NP (Cameroon) - Collar 39840 [2005-2007]"
27192343850,true,2006-07-13 21:01:26.000,16.027,2.179,"B","argos-doppler-shift",,"#2782909047","39840","Elephant Research - Lobeke NP (Cameroon) - Collar 39840 [2005-2007]"
27192343851,true,2006-07-14 20:39:41.000,16.027,2.186,"B","argos-doppler-shift",,"#2782909047","39840","Elephant Research - Lobeke NP (Cameroon) - Collar 39840 [2005-2007]"
27192343852,true,2006-07-15 00:56:20.000,16.0,2.194,"B","argos-doppler-shift",,"#2782909047","39840","Elephant Research - Lobeke NP (Cameroon) - Collar 39840 [2005-2007]"
27192343853,true,2006-07-17 00:36:30.000,16.026,2.178,"2","argos-doppler-shift",,"#2782909047","39840","Elephant Research - Lobeke NP (Cameroon) - Collar 39840 [2005-2007]"
27192343854,true,2006-07-17 21:11:34.000,16.026,2.18,"A","argos-doppler-shift",,"#2782909047","39840","Elephant Research - Lobeke NP (Cameroon) - Collar 39840 [2005-2007]"
27192343855,true,2006-07-19 00:16:41.000,16.017,2.185,"B","argos-doppler-shift",,"#2782909047","39840","Elephant Research - Lobeke NP (Cameroon) - Collar 39840 [2005-2007]"
27192343856,true,2006-07-20 21:42:30.000,16.033,2.262,"A","argos-doppler-shift",,"#2782909047","39840","Elephant Research - Lobeke NP (Cameroon) - Collar 39840 [2005-2007]"
27192343857,true,2006-07-21 21:16:52.000,15.959,2.242,"B","argos-doppler-shift",,"#2782909047","39840","Elephant Research - Lobeke NP (Cameroon) - Collar 39840 [2005-2007]"
27192343858,true,2006-07-22 20:56:05.000,16.036,2.222,"1","argos-doppler-shift",,"#2782909047","39840","Elephant Research - Lobeke NP (Cameroon) - Collar 39840 [2005-2007]"
27192343859,true,2006-07-24 01:06:56.000,16.032,2.225,"B","argos-doppler-shift",,"#2782909047","39840","Elephant Research - Lobeke NP (Cameroon) - Collar 39840 [2005-2007]"
27192343860,true,2006-07-25 00:57:16.000,16.014,2.229,"B","argos-doppler-shift",,"#2782909047","39840","Elephant Research - Lobeke NP (Cameroon) - Collar 39840 [2005-2007]"
27192343861,true,2006-07-25 21:25:34.000,16.04,2.213,"A","argos-doppler-shift",,"#2782909047","39840","Elephant Research - Lobeke NP (Cameroon) - Collar 39840 [2005-2007]"
27192343862,true,2006-07-27 00:35:59.000,16.073,2.217,"B","argos-doppler-shift",,"#2782909047","39840","Elephant Research - Lobeke NP (Cameroon) - Collar 39840 [2005-2007]"
27192343863,true,2006-07-30 00:05:03.000,16.001,2.28,"2","argos-doppler-shift",,"#2782909047","39840","Elephant Research - Lobeke NP (Cameroon) - Collar 39840 [2005-2007]"
27192343864,true,2006-07-30 19:50:48.000,15.982,2.257,"B","argos-doppler-shift",,"#2782909047","39840","Elephant Research - Lobeke NP (Cameroon) - Collar 39840 [2005-2007]"
27192343865,true,2006-07-30 21:09:06.000,15.91,2.256,"A","argos-doppler-shift",,"#2782909047","39840","Elephant Research - Lobeke NP (Cameroon) - Collar 39840 [2005-2007]"
27192343866,true,2006-07-30 23:53:55.000,16.012,2.295,"B","argos-doppler-shift",,"#2782909047","39840","Elephant Research - Lobeke NP (Cameroon) - Collar 39840 [2005-2007]"
27192343867,true,2006-07-31 20:48:19.000,16.005,2.278,"A","argos-doppler-shift",,"#2782909047","39840","Elephant Research - Lobeke NP (Cameroon) - Collar 39840 [2005-2007]"
27192343868,true,2006-08-01 20:23:40.000,16.019,2.263,"A","argos-doppler-shift",,"#2782909047","39840","Elephant Research - Lobeke NP (Cameroon) - Collar 39840 [2005-2007]"
27192343869,true,2006-08-02 21:41:58.000,16.008,2.273,"B","argos-doppler-shift",,"#2782909047","39840","Elephant Research - Lobeke NP (Cameroon) - Collar 39840 [2005-2007]"
27192343870,true,2006-08-03 21:19:15.000,15.993,2.26,"B","argos-doppler-shift",,"#2782909047","39840","Elephant Research - Lobeke NP (Cameroon) - Collar 39840 [2005-2007]"
27192343871,true,2006-08-04 00:50:57.000,16.043,2.246,"A","argos-doppler-shift",,"#2782909047","39840","Elephant Research - Lobeke NP (Cameroon) - Collar 39840 [2005-2007]"
27192343872,true,2006-08-04 20:26:33.000,16.033,2.2,"A","argos-doppler-shift",,"#2782909047","39840","Elephant Research - Lobeke NP (Cameroon) - Collar 39840 [2005-2007]"
27192343873,true,2006-08-06 21:50:10.000,16.036,2.217,"A","argos-doppler-shift",,"#2782909047","39840","Elephant Research - Lobeke NP (Cameroon) - Collar 39840 [2005-2007]"
27192343874,true,2006-08-07 00:23:52.000,16.034,2.219,"A","argos-doppler-shift",,"#2782909047","39840","Elephant Research - Lobeke NP (Cameroon) - Collar 39840 [2005-2007]"
27192343875,true,2006-08-07 21:27:27.000,16.046,2.19,"3","argos-doppler-shift",,"#2782909047","39840","Elephant Research - Lobeke NP (Cameroon) - Collar 39840 [2005-2007]"
27192343876,true,2006-08-08 21:05:13.000,16.095,2.197,"B","argos-doppler-shift",,"#2782909047","39840","Elephant Research - Lobeke NP (Cameroon) - Collar 39840 [2005-2007]"
27192343877,true,2006-08-09 00:03:05.000,16.055,2.2,"B","argos-doppler-shift",,"#2782909047","39840","Elephant Research - Lobeke NP (Cameroon) - Collar 39840 [2005-2007]"
27192343878,true,2006-08-14 00:52:22.000,16.022,2.248,"B","argos-doppler-shift",,"#2782909047","39840","Elephant Research - Lobeke NP (Cameroon) - Collar 39840 [2005-2007]"
27192343879,true,2006-08-17 00:21:54.000,16.084,2.257,"B","argos-doppler-shift",,"#2782909047","39840","Elephant Research - Lobeke NP (Cameroon) - Collar 39840 [2005-2007]"
27192343880,true,2006-08-19 20:33:45.000,16.065,2.228,"B","argos-doppler-shift",,"#2782909047","39840","Elephant Research - Lobeke NP (Cameroon) - Collar 39840 [2005-2007]"
27192343881,true,2006-08-20 21:27:53.000,16.024,2.226,"A","argos-doppler-shift",,"#2782909047","39840","Elephant Research - Lobeke NP (Cameroon) - Collar 39840 [2005-2007]"
27192343882,true,2006-08-21 21:06:08.000,16.032,2.223,"B","argos-doppler-shift",,"#2782909047","39840","Elephant Research - Lobeke NP (Cameroon) - Collar 39840 [2005-2007]"
27192343883,true,2006-08-23 01:01:31.000,15.992,2.267,"B","argos-doppler-shift",,"#2782909047","39840","Elephant Research - Lobeke NP (Cameroon) - Collar 39840 [2005-2007]"
27192343884,true,2006-08-24 00:51:21.000,16.022,2.242,"B","argos-doppler-shift",,"#2782909047","39840","Elephant Research - Lobeke NP (Cameroon) - Collar 39840 [2005-2007]"
27192343885,true,2006-08-27 20:26:58.000,16.059,2.225,"B","argos-doppler-shift",,"#2782909047","39840","Elephant Research - Lobeke NP (Cameroon) - Collar 39840 [2005-2007]"
27192343886,true,2006-08-28 00:09:18.000,16.059,2.249,"B","argos-doppler-shift",,"#2782909047","39840","Elephant Research - Lobeke NP (Cameroon) - Collar 39840 [2005-2007]"
27192343887,true,2006-08-28 21:43:49.000,16.039,2.219,"B","argos-doppler-shift",,"#2782909047","39840","Elephant Research - Lobeke NP (Cameroon) - Collar 39840 [2005-2007]"
27192343888,true,2006-08-29 21:21:05.000,16.058,2.26,"A","argos-doppler-shift",,"#2782909047","39840","Elephant Research - Lobeke NP (Cameroon) - Collar 39840 [2005-2007]"
27192343889,true,2006-08-30 20:57:24.000,15.998,2.232,"B","argos-doppler-shift",,"#2782909047","39840","Elephant Research - Lobeke NP (Cameroon) - Collar 39840 [2005-2007]"
27192343890,true,2006-08-31 20:35:10.000,15.954,2.225,"A","argos-doppler-shift",,"#2782909047","39840","Elephant Research - Lobeke NP (Cameroon) - Collar 39840 [2005-2007]"
27192343891,true,2006-09-02 21:26:52.000,15.81,2.128,"B","argos-doppler-shift",,"#2782909047","39840","Elephant Research - Lobeke NP (Cameroon) - Collar 39840 [2005-2007]"
27192343892,true,2006-09-03 00:49:52.000,15.819,2.128,"B","argos-doppler-shift",,"#2782909047","39840","Elephant Research - Lobeke NP (Cameroon) - Collar 39840 [2005-2007]"
27192343893,true,2006-09-03 21:07:03.000,15.826,2.128,"B","argos-doppler-shift",,"#2782909047","39840","Elephant Research - Lobeke NP (Cameroon) - Collar 39840 [2005-2007]"
27192343894,true,2006-09-04 00:39:14.000,15.791,2.132,"A","argos-doppler-shift",,"#2782909047","39840","Elephant Research - Lobeke NP (Cameroon) - Collar 39840 [2005-2007]"
27192343895,true,2006-09-04 20:39:59.000,15.781,2.129,"A","argos-doppler-shift",,"#2782909047","39840","Elephant Research - Lobeke NP (Cameroon) - Collar 39840 [2005-2007]"
27192343896,true,2006-09-05 20:11:57.000,15.709,2.146,"B","argos-doppler-shift",,"#2782909047","39840","Elephant Research - Lobeke NP (Cameroon) - Collar 39840 [2005-2007]"
27192343897,true,2006-09-07 00:08:17.000,15.805,2.131,"A","argos-doppler-shift",,"#2782909047","39840","Elephant Research - Lobeke NP (Cameroon) - Collar 39840 [2005-2007]"
27192343898,true,2006-09-10 21:46:40.000,15.795,2.105,"B","argos-doppler-shift",,"#2782909047","39840","Elephant Research - Lobeke NP (Cameroon) - Collar 39840 [2005-2007]"
27192343899,true,2006-09-11 21:21:31.000,15.827,2.129,"B","argos-doppler-shift",,"#2782909047","39840","Elephant Research - Lobeke NP (Cameroon) - Collar 39840 [2005-2007]"
27192343900,true,2006-09-12 00:56:36.000,15.834,2.139,"2","argos-doppler-shift",,"#2782909047","39840","Elephant Research - Lobeke NP (Cameroon) - Collar 39840 [2005-2007]"
27192343901,true,2006-09-14 00:37:45.000,16.174,2.018,"B","argos-doppler-shift",,"#2782909047","39840","Elephant Research - Lobeke NP (Cameroon) - Collar 39840 [2005-2007]"
27192343902,true,2006-09-23 00:44:00.000,15.969,2.21,"B","argos-doppler-shift",,"#2782909047","39840","Elephant Research - Lobeke NP (Cameroon) - Collar 39840 [2005-2007]"
27192343903,true,2006-09-24 00:33:51.000,16.081,2.185,"B","argos-doppler-shift",,"#2782909047","39840","Elephant Research - Lobeke NP (Cameroon) - Collar 39840 [2005-2007]"
27192343904,true,2006-09-24 21:23:53.000,16.029,2.182,"1","argos-doppler-shift",,"#2782909047","39840","Elephant Research - Lobeke NP (Cameroon) - Collar 39840 [2005-2007]"
27192343905,true,2006-09-28 21:29:41.000,16.017,2.19,"B","argos-doppler-shift",,"#2782909047","39840","Elephant Research - Lobeke NP (Cameroon) - Collar 39840 [2005-2007]"
27192343906,true,2006-09-30 20:44:14.000,16.006,2.206,"B","argos-doppler-shift",,"#2782909047","39840","Elephant Research - Lobeke NP (Cameroon) - Collar 39840 [2005-2007]"
27192343907,true,2006-10-02 00:51:13.000,15.995,2.204,"B","argos-doppler-shift",,"#2782909047","39840","Elephant Research - Lobeke NP (Cameroon) - Collar 39840 [2005-2007]"
27192343908,true,2006-10-03 21:15:10.000,15.943,2.181,"B","argos-doppler-shift",,"#2782909047","39840","Elephant Research - Lobeke NP (Cameroon) - Collar 39840 [2005-2007]"
27192343909,true,2006-10-09 20:36:00.000,16.071,2.247,"B","argos-doppler-shift",,"#2782909047","39840","Elephant Research - Lobeke NP (Cameroon) - Collar 39840 [2005-2007]"
27192343910,true,2006-10-12 00:47:48.000,16.06,2.227,"A","argos-doppler-shift",,"#2782909047","39840","Elephant Research - Lobeke NP (Cameroon) - Collar 39840 [2005-2007]"
27192343911,true,2006-10-14 00:30:53.000,16.027,2.27,"1","argos-doppler-shift",,"#2782909047","39840","Elephant Research - Lobeke NP (Cameroon) - Collar 39840 [2005-2007]"
27192343912,true,2006-10-15 00:18:19.000,16.048,2.264,"B","argos-doppler-shift",,"#2782909047","39840","Elephant Research - Lobeke NP (Cameroon) - Collar 39840 [2005-2007]"
27192343913,true,2006-10-21 21:02:32.000,16.029,2.272,"B","argos-doppler-shift",,"#2782909047","39840","Elephant Research - Lobeke NP (Cameroon) - Collar 39840 [2005-2007]"
27192343914,true,2006-10-25 21:09:46.000,16.051,2.267,"A","argos-doppler-shift",,"#2782909047","39840","Elephant Research - Lobeke NP (Cameroon) - Collar 39840 [2005-2007]"
27192343915,true,2006-10-30 20:55:44.000,16.039,2.269,"1","argos-doppler-shift",,"#2782909047","39840","Elephant Research - Lobeke NP (Cameroon) - Collar 39840 [2005-2007]"
27192343916,true,2006-10-31 00:56:26.000,16.04,2.269,"2","argos-doppler-shift",,"#2782909047","39840","Elephant Research - Lobeke NP (Cameroon) - Collar 39840 [2005-2007]"
27192343917,true,2006-11-02 00:33:43.000,16.05,2.293,"B","argos-doppler-shift",,"#2782909047","39840","Elephant Research - Lobeke NP (Cameroon) - Collar 39840 [2005-2007]"
27192343918,true,2006-11-02 21:25:42.000,16.019,2.284,"B","argos-doppler-shift",,"#2782909047","39840","Elephant Research - Lobeke NP (Cameroon) - Collar 39840 [2005-2007]"
27192343919,true,2006-11-04 00:13:54.000,16.011,2.264,"A","argos-doppler-shift",,"#2782909047","39840","Elephant Research - Lobeke NP (Cameroon) - Collar 39840 [2005-2007]"
27192343920,true,2006-11-05 21:55:10.000,16.079,2.264,"B","argos-doppler-shift",,"#2782909047","39840","Elephant Research - Lobeke NP (Cameroon) - Collar 39840 [2005-2007]"
27192343921,true,2006-11-07 21:09:15.000,15.974,2.248,"0","argos-doppler-shift",,"#2782909047","39840","Elephant Research - Lobeke NP (Cameroon) - Collar 39840 [2005-2007]"
27192343922,true,2006-11-10 00:54:28.000,16.048,2.285,"B","argos-doppler-shift",,"#2782909047","39840","Elephant Research - Lobeke NP (Cameroon) - Collar 39840 [2005-2007]"
27192343923,true,2006-11-11 00:43:21.000,15.993,2.298,"B","argos-doppler-shift",,"#2782909047","39840","Elephant Research - Lobeke NP (Cameroon) - Collar 39840 [2005-2007]"
27192343924,true,2006-11-11 21:17:56.000,16.057,2.25,"A","argos-doppler-shift",,"#2782909047","39840","Elephant Research - Lobeke NP (Cameroon) - Collar 39840 [2005-2007]"
27192343925,true,2006-11-13 20:25:14.000,16.034,2.258,"B","argos-doppler-shift",,"#2782909047","39840","Elephant Research - Lobeke NP (Cameroon) - Collar 39840 [2005-2007]"
27192343926,true,2006-11-16 21:03:25.000,16.082,2.264,"B","argos-doppler-shift",,"#2782909047","39840","Elephant Research - Lobeke NP (Cameroon) - Collar 39840 [2005-2007]"
27192343927,true,2006-11-19 01:01:12.000,16.066,2.248,"3","argos-doppler-shift",,"#2782909047","39840","Elephant Research - Lobeke NP (Cameroon) - Collar 39840 [2005-2007]"
27192343928,true,2006-11-23 00:20:35.000,16.096,2.259,"B","argos-doppler-shift",,"#2782909047","39840","Elephant Research - Lobeke NP (Cameroon) - Collar 39840 [2005-2007]"
27192343929,true,2006-11-28 21:25:36.000,16.06,2.237,"B","argos-doppler-shift",,"#2782909047","39840","Elephant Research - Lobeke NP (Cameroon) - Collar 39840 [2005-2007]"
27192343930,true,2006-11-29 00:58:45.000,16.073,2.243,"3","argos-doppler-shift",,"#2782909047","39840","Elephant Research - Lobeke NP (Cameroon) - Collar 39840 [2005-2007]"
27192343931,true,2006-11-29 21:04:20.000,16.089,2.253,"B","argos-doppler-shift",,"#2782909047","39840","Elephant Research - Lobeke NP (Cameroon) - Collar 39840 [2005-2007]"
27192343932,true,2006-11-30 00:51:01.000,16.102,2.266,"B","argos-doppler-shift",,"#2782909047","39840","Elephant Research - Lobeke NP (Cameroon) - Collar 39840 [2005-2007]"
27192343933,true,2006-12-02 00:29:45.000,16.027,2.274,"B","argos-doppler-shift",,"#2782909047","39840","Elephant Research - Lobeke NP (Cameroon) - Collar 39840 [2005-2007]"
27192343934,true,2006-12-03 21:07:13.000,16.053,2.243,"B","argos-doppler-shift",,"#2782909047","39840","Elephant Research - Lobeke NP (Cameroon) - Collar 39840 [2005-2007]"
27192343935,true,2006-12-07 21:19:17.000,16.063,2.249,"B","argos-doppler-shift",,"#2782909047","39840","Elephant Research - Lobeke NP (Cameroon) - Collar 39840 [2005-2007]"
27192343936,true,2006-12-08 01:05:29.000,16.07,2.25,"A","argos-doppler-shift",,"#2782909047","39840","Elephant Research - Lobeke NP (Cameroon) - Collar 39840 [2005-2007]"
27192343937,true,2006-12-09 00:57:45.000,16.062,2.258,"B","argos-doppler-shift",,"#2782909047","39840","Elephant Research - Lobeke NP (Cameroon) - Collar 39840 [2005-2007]"
27192343938,true,2006-12-12 00:25:51.000,16.062,2.22,"B","argos-doppler-shift",,"#2782909047","39840","Elephant Research - Lobeke NP (Cameroon) - Collar 39840 [2005-2007]"
27192343939,true,2006-12-17 20:51:14.000,16.003,4.421,"B","argos-doppler-shift",,"#2782909047","39840","Elephant Research - Lobeke NP (Cameroon) - Collar 39840 [2005-2007]"
27192343940,true,2006-12-19 21:02:20.000,16.005,2.169,"A","argos-doppler-shift",,"#2782909047","39840","Elephant Research - Lobeke NP (Cameroon) - Collar 39840 [2005-2007]"
27192343941,true,2006-12-19 21:40:31.000,15.953,2.14,"B","argos-doppler-shift",,"#2782909047","39840","Elephant Research - Lobeke NP (Cameroon) - Collar 39840 [2005-2007]"
27192343942,true,2006-12-20 00:45:38.000,15.999,2.176,"1","argos-doppler-shift",,"#2782909047","39840","Elephant Research - Lobeke NP (Cameroon) - Collar 39840 [2005-2007]"
27192343943,true,2006-12-20 21:19:44.000,15.998,2.219,"A","argos-doppler-shift",,"#2782909047","39840","Elephant Research - Lobeke NP (Cameroon) - Collar 39840 [2005-2007]"
27192343944,true,2006-12-21 00:35:00.000,15.986,2.222,"A","argos-doppler-shift",,"#2782909047","39840","Elephant Research - Lobeke NP (Cameroon) - Collar 39840 [2005-2007]"
27192343945,true,2006-12-21 20:58:57.000,15.989,2.207,"A","argos-doppler-shift",,"#2782909047","39840","Elephant Research - Lobeke NP (Cameroon) - Collar 39840 [2005-2007]"
27192343946,true,2006-12-22 00:23:24.000,15.997,2.212,"B","argos-doppler-shift",,"#2782909047","39840","Elephant Research - Lobeke NP (Cameroon) - Collar 39840 [2005-2007]"
27192343947,true,2006-12-24 00:04:33.000,15.961,2.235,"B","argos-doppler-shift",,"#2782909047","39840","Elephant Research - Lobeke NP (Cameroon) - Collar 39840 [2005-2007]"
27192343948,true,2006-12-25 21:03:46.000,15.953,2.216,"A","argos-doppler-shift",,"#2782909047","39840","Elephant Research - Lobeke NP (Cameroon) - Collar 39840 [2005-2007]"
27192343949,true,2006-12-26 21:10:03.000,15.945,2.229,"B","argos-doppler-shift",,"#2782909047","39840","Elephant Research - Lobeke NP (Cameroon) - Collar 39840 [2005-2007]"
27192343950,true,2006-12-28 01:00:36.000,15.912,2.223,"B","argos-doppler-shift",,"#2782909047","39840","Elephant Research - Lobeke NP (Cameroon) - Collar 39840 [2005-2007]"
27192343951,true,2006-12-29 00:51:24.000,15.977,2.22,"B","argos-doppler-shift",,"#2782909047","39840","Elephant Research - Lobeke NP (Cameroon) - Collar 39840 [2005-2007]"
27192343952,true,2006-12-30 20:51:11.000,15.961,2.232,"B","argos-doppler-shift",,"#2782909047","39840","Elephant Research - Lobeke NP (Cameroon) - Collar 39840 [2005-2007]"
27192343953,true,2006-12-31 00:31:06.000,15.988,2.231,"A","argos-doppler-shift",,"#2782909047","39840","Elephant Research - Lobeke NP (Cameroon) - Collar 39840 [2005-2007]"
27192343954,true,2007-01-02 21:20:39.000,16.021,2.257,"3","argos-doppler-shift",,"#2782909047","39840","Elephant Research - Lobeke NP (Cameroon) - Collar 39840 [2005-2007]"
27192343955,true,2007-01-03 20:57:56.000,16.021,2.246,"B","argos-doppler-shift",,"#2782909047","39840","Elephant Research - Lobeke NP (Cameroon) - Collar 39840 [2005-2007]"
27192343956,true,2007-01-04 20:36:40.000,16.031,2.259,"B","argos-doppler-shift",,"#2782909047","39840","Elephant Research - Lobeke NP (Cameroon) - Collar 39840 [2005-2007]"
27192343957,true,2007-01-05 21:50:36.000,16.027,2.247,"B","argos-doppler-shift",,"#2782909047","39840","Elephant Research - Lobeke NP (Cameroon) - Collar 39840 [2005-2007]"
27192343958,true,2007-01-06 21:28:22.000,16.046,2.215,"B","argos-doppler-shift",,"#2782909047","39840","Elephant Research - Lobeke NP (Cameroon) - Collar 39840 [2005-2007]"
27192343959,true,2007-01-07 01:00:04.000,16.028,2.246,"A","argos-doppler-shift",,"#2782909047","39840","Elephant Research - Lobeke NP (Cameroon) - Collar 39840 [2005-2007]"
27192343960,true,2007-01-07 21:06:37.000,16.032,2.238,"A","argos-doppler-shift",,"#2782909047","39840","Elephant Research - Lobeke NP (Cameroon) - Collar 39840 [2005-2007]"
27192343961,true,2007-01-09 00:39:17.000,16.037,2.251,"A","argos-doppler-shift",,"#2782909047","39840","Elephant Research - Lobeke NP (Cameroon) - Collar 39840 [2005-2007]"
27192343962,true,2007-01-10 00:29:36.000,16.019,2.253,"3","argos-doppler-shift",,"#2782909047","39840","Elephant Research - Lobeke NP (Cameroon) - Collar 39840 [2005-2007]"
27192343963,true,2007-01-10 21:36:34.000,16.026,2.25,"3","argos-doppler-shift",,"#2782909047","39840","Elephant Research - Lobeke NP (Cameroon) - Collar 39840 [2005-2007]"
27192343964,true,2007-01-11 21:12:24.000,15.955,2.213,"B","argos-doppler-shift",,"#2782909047","39840","Elephant Research - Lobeke NP (Cameroon) - Collar 39840 [2005-2007]"
27192343965,true,2007-01-15 01:17:26.000,16.004,2.242,"B","argos-doppler-shift",,"#2782909047","39840","Elephant Research - Lobeke NP (Cameroon) - Collar 39840 [2005-2007]"
27192343966,true,2007-01-15 21:23:01.000,16.007,2.242,"B","argos-doppler-shift",,"#2782909047","39840","Elephant Research - Lobeke NP (Cameroon) - Collar 39840 [2005-2007]"
27192343967,true,2007-01-17 00:59:33.000,16.025,2.232,"A","argos-doppler-shift",,"#2782909047","39840","Elephant Research - Lobeke NP (Cameroon) - Collar 39840 [2005-2007]"
27192343968,true,2007-01-18 00:46:00.000,15.978,2.244,"B","argos-doppler-shift",,"#2782909047","39840","Elephant Research - Lobeke NP (Cameroon) - Collar 39840 [2005-2007]"
27192343969,true,2007-01-19 00:38:45.000,15.8,2.283,"A","argos-doppler-shift",,"#2782909047","39840","Elephant Research - Lobeke NP (Cameroon) - Collar 39840 [2005-2007]"
27192343970,true,2007-01-19 21:28:48.000,16.027,2.236,"B","argos-doppler-shift",,"#2782909047","39840","Elephant Research - Lobeke NP (Cameroon) - Collar 39840 [2005-2007]"
27192343971,true,2007-01-20 21:06:05.000,16.012,2.253,"A","argos-doppler-shift",,"#2782909047","39840","Elephant Research - Lobeke NP (Cameroon) - Collar 39840 [2005-2007]"
27192343972,true,2007-01-21 00:17:29.000,16.009,2.26,"B","argos-doppler-shift",,"#2782909047","39840","Elephant Research - Lobeke NP (Cameroon) - Collar 39840 [2005-2007]"
27192343973,true,2007-01-21 20:40:56.000,16.006,2.252,"A","argos-doppler-shift",,"#2782909047","39840","Elephant Research - Lobeke NP (Cameroon) - Collar 39840 [2005-2007]"
27192343974,true,2007-01-23 21:37:29.000,15.998,2.199,"B","argos-doppler-shift",,"#2782909047","39840","Elephant Research - Lobeke NP (Cameroon) - Collar 39840 [2005-2007]"
27192343975,true,2007-01-25 20:51:34.000,16.025,2.2,"B","argos-doppler-shift",,"#2782909047","39840","Elephant Research - Lobeke NP (Cameroon) - Collar 39840 [2005-2007]"
27192343976,true,2007-01-26 21:10:24.000,16.041,2.22,"B","argos-doppler-shift",,"#2782909047","39840","Elephant Research - Lobeke NP (Cameroon) - Collar 39840 [2005-2007]"
27192343977,true,2007-01-28 00:45:29.000,15.983,2.266,"B","argos-doppler-shift",,"#2782909047","39840","Elephant Research - Lobeke NP (Cameroon) - Collar 39840 [2005-2007]"
27192343978,true,2007-01-28 21:20:04.000,16.072,2.233,"B","argos-doppler-shift",,"#2782909047","39840","Elephant Research - Lobeke NP (Cameroon) - Collar 39840 [2005-2007]"
27192343979,true,2007-01-29 00:35:20.000,16.115,2.219,"B","argos-doppler-shift",,"#2782909047","39840","Elephant Research - Lobeke NP (Cameroon) - Collar 39840 [2005-2007]"
27192343980,true,2007-01-30 00:25:11.000,16.019,2.246,"B","argos-doppler-shift",,"#2782909047","39840","Elephant Research - Lobeke NP (Cameroon) - Collar 39840 [2005-2007]"
27192343981,true,2007-01-31 21:52:56.000,16.032,2.215,"B","argos-doppler-shift",,"#2782909047","39840","Elephant Research - Lobeke NP (Cameroon) - Collar 39840 [2005-2007]"
27192343982,true,2007-02-01 21:30:41.000,15.993,2.232,"3","argos-doppler-shift",,"#2782909047","39840","Elephant Research - Lobeke NP (Cameroon) - Collar 39840 [2005-2007]"
27192343983,true,2007-02-06 00:52:14.000,15.817,2.31,"B","argos-doppler-shift",,"#2782909047","39840","Elephant Research - Lobeke NP (Cameroon) - Collar 39840 [2005-2007]"
27192343984,true,2007-02-06 21:16:10.000,15.841,2.273,"1","argos-doppler-shift",,"#2782909047","39840","Elephant Research - Lobeke NP (Cameroon) - Collar 39840 [2005-2007]"
27192343985,true,2007-02-08 00:33:22.000,16.125,2.209,"B","argos-doppler-shift",,"#2782909047","39840","Elephant Research - Lobeke NP (Cameroon) - Collar 39840 [2005-2007]"
27192343986,true,2007-02-09 00:22:44.000,15.917,2.256,"3","argos-doppler-shift",,"#2782909047","39840","Elephant Research - Lobeke NP (Cameroon) - Collar 39840 [2005-2007]"
27192343987,true,2007-02-11 21:00:12.000,16.006,2.21,"A","argos-doppler-shift",,"#2782909047","39840","Elephant Research - Lobeke NP (Cameroon) - Collar 39840 [2005-2007]"
27192343988,true,2007-02-12 20:34:06.000,15.944,2.199,"B","argos-doppler-shift",,"#2782909047","39840","Elephant Research - Lobeke NP (Cameroon) - Collar 39840 [2005-2007]"
27192343989,true,2007-02-13 01:20:14.000,15.957,2.205,"B","argos-doppler-shift",,"#2782909047","39840","Elephant Research - Lobeke NP (Cameroon) - Collar 39840 [2005-2007]"
27192343990,true,2007-02-14 01:09:36.000,15.937,2.182,"A","argos-doppler-shift",,"#2782909047","39840","Elephant Research - Lobeke NP (Cameroon) - Collar 39840 [2005-2007]"
27192343991,true,2007-02-14 21:30:10.000,15.958,2.187,"A","argos-doppler-shift",,"#2782909047","39840","Elephant Research - Lobeke NP (Cameroon) - Collar 39840 [2005-2007]"
27192343992,true,2007-02-15 00:59:27.000,15.953,2.194,"B","argos-doppler-shift",,"#2782909047","39840","Elephant Research - Lobeke NP (Cameroon) - Collar 39840 [2005-2007]"
27192343993,true,2007-02-15 21:08:54.000,15.895,2.167,"B","argos-doppler-shift",,"#2782909047","39840","Elephant Research - Lobeke NP (Cameroon) - Collar 39840 [2005-2007]"
27192343994,true,2007-02-16 00:48:49.000,15.93,2.186,"B","argos-doppler-shift",,"#2782909047","39840","Elephant Research - Lobeke NP (Cameroon) - Collar 39840 [2005-2007]"
27192343995,true,2007-02-16 20:42:19.000,15.98,2.183,"B","argos-doppler-shift",,"#2782909047","39840","Elephant Research - Lobeke NP (Cameroon) - Collar 39840 [2005-2007]"
27192343996,true,2007-02-18 21:16:08.000,15.958,2.183,"B","argos-doppler-shift",,"#2782909047","39840","Elephant Research - Lobeke NP (Cameroon) - Collar 39840 [2005-2007]"
27192343997,true,2007-02-19 21:16:37.000,15.975,2.185,"B","argos-doppler-shift",,"#2782909047","39840","Elephant Research - Lobeke NP (Cameroon) - Collar 39840 [2005-2007]"
27192343998,true,2007-02-25 00:57:29.000,15.934,2.177,"B","argos-doppler-shift",,"#2782909047","39840","Elephant Research - Lobeke NP (Cameroon) - Collar 39840 [2005-2007]"
27192343999,true,2007-02-25 20:35:31.000,15.944,2.171,"B","argos-doppler-shift",,"#2782909047","39840","Elephant Research - Lobeke NP (Cameroon) - Collar 39840 [2005-2007]"
27192344000,true,2007-02-26 00:48:18.000,15.946,2.162,"A","argos-doppler-shift",,"#2782909047","39840","Elephant Research - Lobeke NP (Cameroon) - Collar 39840 [2005-2007]"
27192344001,true,2007-02-26 21:11:17.000,15.941,2.155,"B","argos-doppler-shift",,"#2782909047","39840","Elephant Research - Lobeke NP (Cameroon) - Collar 39840 [2005-2007]"
27192344002,true,2007-02-27 00:39:36.000,16.034,2.152,"B","argos-doppler-shift",,"#2782909047","39840","Elephant Research - Lobeke NP (Cameroon) - Collar 39840 [2005-2007]"
27192344003,true,2007-03-01 00:15:25.000,15.954,2.179,"A","argos-doppler-shift",,"#2782909047","39840","Elephant Research - Lobeke NP (Cameroon) - Collar 39840 [2005-2007]"
27192344004,true,2007-03-01 20:44:41.000,15.968,2.155,"B","argos-doppler-shift",,"#2782909047","39840","Elephant Research - Lobeke NP (Cameroon) - Collar 39840 [2005-2007]"
27192344005,true,2007-03-03 21:38:20.000,15.999,2.117,"B","argos-doppler-shift",,"#2782909047","39840","Elephant Research - Lobeke NP (Cameroon) - Collar 39840 [2005-2007]"
27192344006,true,2007-03-04 21:17:04.000,15.794,2.132,"B","argos-doppler-shift",,"#2782909047","39840","Elephant Research - Lobeke NP (Cameroon) - Collar 39840 [2005-2007]"
27192344007,true,2007-03-05 20:50:28.000,15.794,2.161,"B","argos-doppler-shift",,"#2782909047","39840","Elephant Research - Lobeke NP (Cameroon) - Collar 39840 [2005-2007]"
27192344008,true,2007-03-09 20:59:39.000,15.908,2.147,"B","argos-doppler-shift",,"#2782909047","39840","Elephant Research - Lobeke NP (Cameroon) - Collar 39840 [2005-2007]"
27192344009,true,2007-03-13 21:06:53.000,15.845,2.175,"A","argos-doppler-shift",,"#2782909047","39840","Elephant Research - Lobeke NP (Cameroon) - Collar 39840 [2005-2007]"
27192344010,true,2007-03-13 21:13:10.000,16.161,2.381,"B","argos-doppler-shift",,"#2782909047","39840","Elephant Research - Lobeke NP (Cameroon) - Collar 39840 [2005-2007]"
27192344011,true,2007-03-17 21:14:36.000,16.08,2.186,"B","argos-doppler-shift",,"#2782909047","39840","Elephant Research - Lobeke NP (Cameroon) - Collar 39840 [2005-2007]"
27192344012,true,2007-03-18 20:50:26.000,15.96,2.179,"A","argos-doppler-shift",,"#2782909047","39840","Elephant Research - Lobeke NP (Cameroon) - Collar 39840 [2005-2007]"
27192344013,true,2007-03-20 21:46:00.000,15.952,2.172,"B","argos-doppler-shift",,"#2782909047","39840","Elephant Research - Lobeke NP (Cameroon) - Collar 39840 [2005-2007]"
27192344014,true,2007-03-22 21:01:03.000,15.966,2.206,"A","argos-doppler-shift",,"#2782909047","39840","Elephant Research - Lobeke NP (Cameroon) - Collar 39840 [2005-2007]"
27192344015,true,2007-03-27 00:48:41.000,15.956,2.205,"B","argos-doppler-shift",,"#2782909047","39840","Elephant Research - Lobeke NP (Cameroon) - Collar 39840 [2005-2007]"
27192344016,true,2007-03-29 21:40:40.000,15.964,2.205,"B","argos-doppler-shift",,"#2782909047","39840","Elephant Research - Lobeke NP (Cameroon) - Collar 39840 [2005-2007]"
27192344017,true,2007-04-03 01:18:38.000,15.977,2.213,"B","argos-doppler-shift",,"#2782909047","39840","Elephant Research - Lobeke NP (Cameroon) - Collar 39840 [2005-2007]"
27192344018,true,2007-04-03 21:23:44.000,16.018,2.223,"3","argos-doppler-shift",,"#2782909047","39840","Elephant Research - Lobeke NP (Cameroon) - Collar 39840 [2005-2007]"
27192344019,true,2007-04-04 21:01:58.000,16.13,2.236,"B","argos-doppler-shift",,"#2782909047","39840","Elephant Research - Lobeke NP (Cameroon) - Collar 39840 [2005-2007]"
27192344020,true,2007-04-14 21:04:21.000,16.042,2.182,"A","argos-doppler-shift",,"#2782909047","39840","Elephant Research - Lobeke NP (Cameroon) - Collar 39840 [2005-2007]"
27192344021,true,2007-04-16 00:44:45.000,15.991,2.237,"B","argos-doppler-shift",,"#2782909047","39840","Elephant Research - Lobeke NP (Cameroon) - Collar 39840 [2005-2007]"
27192344022,true,2007-04-28 00:19:34.000,15.996,2.266,"B","argos-doppler-shift",,"#2782909047","39840","Elephant Research - Lobeke NP (Cameroon) - Collar 39840 [2005-2007]"
27192344023,true,2007-04-29 21:10:06.000,16.028,2.234,"B","argos-doppler-shift",,"#2782909047","39840","Elephant Research - Lobeke NP (Cameroon) - Collar 39840 [2005-2007]"
27192344024,true,2007-04-30 20:59:28.000,15.805,2.207,"B","argos-doppler-shift",,"#2782909047","39840","Elephant Research - Lobeke NP (Cameroon) - Collar 39840 [2005-2007]"
27192344025,true,2007-04-30 21:02:22.000,16.281,2.283,"B","argos-doppler-shift",,"#2782909047","39840","Elephant Research - Lobeke NP (Cameroon) - Collar 39840 [2005-2007]"
27192344026,true,2007-05-07 21:40:02.000,16.048,2.192,"B","argos-doppler-shift",,"#2782909047","39840","Elephant Research - Lobeke NP (Cameroon) - Collar 39840 [2005-2007]"
27192344027,true,2007-05-08 21:16:21.000,16.071,2.218,"B","argos-doppler-shift",,"#2782909047","39840","Elephant Research - Lobeke NP (Cameroon) - Collar 39840 [2005-2007]"
